Datetime,Open,High,Low,Close,Adj Close,Volume
2024-07-26 09:30:00-04:00,542.280029296875,542.4299926757812,541.489990234375,541.6900024414062,541.6900024414062,2809947
2024-07-26 09:31:00-04:00,541.6699829101562,541.8099975585938,541.52001953125,541.5599975585938,541.5599975585938,129837
2024-07-26 09:32:00-04:00,541.5422973632812,542.280029296875,541.5399780273438,542.2199096679688,542.2199096679688,173648
2024-07-26 09:33:00-04:00,542.2000122070312,542.4094848632812,542.0349731445312,542.1599731445312,542.1599731445312,127530
2024-07-26 09:34:00-04:00,542.1199951171875,542.2100219726562,541.8400268554688,541.969970703125,541.969970703125,181089
2024-07-26 09:35:00-04:00,541.9600219726562,542.4849853515625,541.9299926757812,542.22998046875,542.22998046875,190067
2024-07-26 09:36:00-04:00,542.219970703125,542.510009765625,542.080078125,542.489990234375,542.489990234375,120717
2024-07-26 09:37:00-04:00,542.5,543.0399780273438,542.489990234375,542.6699829101562,542.6699829101562,207171
2024-07-26 09:38:00-04:00,542.6699829101562,542.9400024414062,542.6627197265625,542.8599853515625,542.8599853515625,182502
2024-07-26 09:39:00-04:00,542.8200073242188,542.9500122070312,542.719970703125,542.9400024414062,542.9400024414062,111569
2024-07-26 09:40:00-04:00,542.9099731445312,543.1400146484375,542.4299926757812,542.4299926757812,542.4299926757812,112348
2024-07-26 09:41:00-04:00,542.3300170898438,542.5599975585938,542.22998046875,542.3300170898438,542.3300170898438,140322
2024-07-26 09:42:00-04:00,542.3400268554688,542.3400268554688,541.97998046875,542.1500244140625,542.1500244140625,137723
2024-07-26 09:43:00-04:00,542.1300048828125,542.6500244140625,542.010009765625,542.6400146484375,542.6400146484375,165582
2024-07-26 09:44:00-04:00,542.6599731445312,543.1099853515625,542.6599731445312,543.0,543.0,127050
2024-07-26 09:45:00-04:00,543.0,543.0900268554688,542.8200073242188,543.0599975585938,543.0599975585938,129218
2024-07-26 09:46:00-04:00,543.0399780273438,543.1799926757812,542.7108154296875,542.75,542.75,129537
2024-07-26 09:47:00-04:00,542.739990234375,542.8900146484375,542.3599853515625,542.4299926757812,542.4299926757812,127773
2024-07-26 09:48:00-04:00,542.4400024414062,542.6400146484375,542.27001953125,542.5999755859375,542.5999755859375,80468
2024-07-26 09:49:00-04:00,542.6199951171875,542.7399291992188,542.2100219726562,542.22998046875,542.22998046875,59923
2024-07-26 09:50:00-04:00,542.27001953125,542.6599731445312,542.239990234375,542.4500122070312,542.4500122070312,99211
2024-07-26 09:51:00-04:00,542.4600219726562,542.6599731445312,542.260009765625,542.530029296875,542.530029296875,75253
2024-07-26 09:52:00-04:00,542.510009765625,542.9099731445312,542.510009765625,542.75,542.75,64677
2024-07-26 09:53:00-04:00,542.739990234375,542.869873046875,542.260009765625,542.330078125,542.330078125,73010
2024-07-26 09:54:00-04:00,542.3599853515625,542.3599853515625,542.1199951171875,542.2849731445312,542.2849731445312,124854
2024-07-26 09:55:00-04:00,542.2999877929688,542.5800170898438,542.27001953125,542.5700073242188,542.5700073242188,85814
2024-07-26 09:56:00-04:00,542.5800170898438,542.77001953125,542.489990234375,542.52001953125,542.52001953125,77474
2024-07-26 09:57:00-04:00,542.719970703125,542.9000244140625,542.510009765625,542.719970703125,542.719970703125,58202
2024-07-26 09:58:00-04:00,542.72998046875,542.8900146484375,542.6511840820312,542.7999877929688,542.7999877929688,92781
2024-07-26 09:59:00-04:00,542.8099975585938,543.0399780273438,542.75,542.9000244140625,542.9000244140625,66901
2024-07-26 10:00:00-04:00,542.8800048828125,543.5700073242188,542.4199829101562,543.5700073242188,543.5700073242188,513592
2024-07-26 10:01:00-04:00,543.5800170898438,543.8699951171875,543.4099731445312,543.6199951171875,543.6199951171875,158656
2024-07-26 10:02:00-04:00,543.6599731445312,543.9404296875,543.6400146484375,543.75,543.75,102902
2024-07-26 10:03:00-04:00,543.760009765625,543.9299926757812,543.6400146484375,543.7100219726562,543.7100219726562,91536
2024-07-26 10:04:00-04:00,543.72998046875,543.75,543.239990234375,543.3099975585938,543.3099975585938,116515
2024-07-26 10:05:00-04:00,543.2899780273438,543.4000244140625,542.8309936523438,542.9249877929688,542.9249877929688,138616
2024-07-26 10:06:00-04:00,542.9099731445312,542.9099731445312,542.4299926757812,542.75,542.75,115923
2024-07-26 10:07:00-04:00,542.760009765625,543.0999755859375,542.510009765625,542.5599975585938,542.5599975585938,116604
2024-07-26 10:08:00-04:00,542.6199951171875,542.6699829101562,542.0349731445312,542.3699951171875,542.3699951171875,156383
2024-07-26 10:09:00-04:00,542.3699951171875,542.52001953125,542.0399780273438,542.1699829101562,542.1699829101562,118762
2024-07-26 10:10:00-04:00,542.1400146484375,542.8925170898438,542.1300048828125,542.8699951171875,542.8699951171875,115627
2024-07-26 10:11:00-04:00,542.9000244140625,543.1500244140625,542.8900146484375,543.1174926757812,543.1174926757812,94183
2024-07-26 10:12:00-04:00,543.103515625,543.2562866210938,542.9500122070312,543.2100219726562,543.2100219726562,51653
2024-07-26 10:13:00-04:00,543.2597045898438,543.2597045898438,542.8800048828125,542.97998046875,542.97998046875,153724
2024-07-26 10:14:00-04:00,543.0499877929688,543.0499877929688,542.4600219726562,542.510009765625,542.510009765625,91734
2024-07-26 10:15:00-04:00,542.510009765625,542.9299926757812,542.4500122070312,542.760009765625,542.760009765625,79799
2024-07-26 10:16:00-04:00,542.81787109375,543.0899047851562,542.75,542.9500122070312,542.9500122070312,72036
2024-07-26 10:17:00-04:00,542.9600219726562,543.14501953125,542.72998046875,542.739990234375,542.739990234375,75837
2024-07-26 10:18:00-04:00,542.7449951171875,542.8099975585938,542.3300170898438,542.340087890625,542.340087890625,55677
2024-07-26 10:19:00-04:00,542.3499755859375,542.5872192382812,542.2899780273438,542.5800170898438,542.5800170898438,87053
2024-07-26 10:20:00-04:00,542.5900268554688,543.0900268554688,542.5850219726562,543.0650024414062,543.0650024414062,65242
2024-07-26 10:21:00-04:00,542.7999877929688,543.1799926757812,542.75390625,542.7999877929688,542.7999877929688,73933
2024-07-26 10:22:00-04:00,542.7999877929688,543.1099853515625,542.72998046875,542.8499755859375,542.8499755859375,64320
2024-07-26 10:23:00-04:00,542.875,543.3499755859375,542.875,543.27001953125,543.27001953125,130080
2024-07-26 10:24:00-04:00,543.3200073242188,543.7999877929688,543.3140258789062,543.6699829101562,543.6699829101562,120697
2024-07-26 10:25:00-04:00,543.68798828125,543.8499755859375,543.6400146484375,543.7100219726562,543.7100219726562,84747
2024-07-26 10:26:00-04:00,543.739990234375,544.4000244140625,543.739990234375,544.3499755859375,544.3499755859375,209575
2024-07-26 10:27:00-04:00,544.3300170898438,544.5,544.2578735351562,544.290283203125,544.290283203125,109348
2024-07-26 10:28:00-04:00,544.3200073242188,544.6300048828125,544.3200073242188,544.510009765625,544.510009765625,98679
2024-07-26 10:29:00-04:00,544.4849853515625,544.4849853515625,543.5900268554688,543.6309204101562,543.6309204101562,116810
2024-07-26 10:30:00-04:00,543.6300048828125,543.8300170898438,542.97998046875,543.02001953125,543.02001953125,143664
2024-07-26 10:31:00-04:00,542.9400024414062,543.0499267578125,542.5,542.5050048828125,542.5050048828125,121034
2024-07-26 10:32:00-04:00,542.5,542.5599975585938,542.0800170898438,542.1599731445312,542.1599731445312,170077
2024-07-26 10:33:00-04:00,542.22998046875,542.3499145507812,541.8800048828125,542.1099853515625,542.1099853515625,122007
2024-07-26 10:34:00-04:00,542.0999755859375,542.2899780273438,541.7999877929688,541.8298950195312,541.8298950195312,141437
2024-07-26 10:35:00-04:00,541.8200073242188,542.1300048828125,541.6699829101562,542.1199951171875,542.1199951171875,165456
2024-07-26 10:36:00-04:00,542.0999755859375,542.2999877929688,542.02001953125,542.0999755859375,542.0999755859375,102923
2024-07-26 10:37:00-04:00,542.1400146484375,542.39501953125,541.97998046875,541.97998046875,541.97998046875,91959
2024-07-26 10:38:00-04:00,542.219970703125,542.219970703125,541.77001953125,542.219970703125,542.219970703125,88492
2024-07-26 10:39:00-04:00,542.22998046875,542.27001953125,542.030029296875,542.1199951171875,542.1199951171875,71572
2024-07-26 10:40:00-04:00,542.1500244140625,542.4500122070312,542.0,542.3250122070312,542.3250122070312,121134
2024-07-26 10:41:00-04:00,542.3798828125,542.5963745117188,542.25,542.4450073242188,542.4450073242188,103912
2024-07-26 10:42:00-04:00,542.47998046875,542.8599853515625,542.47998046875,542.8599853515625,542.8599853515625,85176
2024-07-26 10:43:00-04:00,542.8800048828125,543.1199951171875,542.719970703125,543.0999755859375,543.0999755859375,92092
2024-07-26 10:44:00-04:00,543.0900268554688,543.0900268554688,542.4199829101562,542.4597778320312,542.4597778320312,80664
2024-07-26 10:45:00-04:00,542.4650268554688,542.5800170898438,542.3200073242188,542.4600219726562,542.4600219726562,94726
2024-07-26 10:46:00-04:00,542.4600219726562,542.5700073242188,542.219970703125,542.3400268554688,542.3400268554688,59442
2024-07-26 10:47:00-04:00,542.3300170898438,542.6400146484375,542.1599731445312,542.6300048828125,542.6300048828125,81354
2024-07-26 10:48:00-04:00,542.6300048828125,542.8300170898438,542.530029296875,542.5651245117188,542.5651245117188,108066
2024-07-26 10:49:00-04:00,542.6199951171875,542.9000244140625,542.47998046875,542.5499877929688,542.5499877929688,62519
2024-07-26 10:50:00-04:00,542.530029296875,542.5599975585938,542.219970703125,542.5599975585938,542.5599975585938,182800
2024-07-26 10:51:00-04:00,542.52001953125,542.6900024414062,542.3900146484375,542.4600219726562,542.4600219726562,54211
2024-07-26 10:52:00-04:00,542.4400024414062,542.5189208984375,542.1527709960938,542.3499755859375,542.3499755859375,77202
2024-07-26 10:53:00-04:00,542.3699951171875,542.5748291015625,542.2301025390625,542.5120239257812,542.5120239257812,147002
2024-07-26 10:54:00-04:00,542.52001953125,542.77001953125,542.4299926757812,542.510009765625,542.510009765625,49403
2024-07-26 10:55:00-04:00,542.526123046875,542.6699829101562,542.380126953125,542.530029296875,542.530029296875,31302
2024-07-26 10:56:00-04:00,542.4299926757812,542.4400024414062,542.3701171875,542.3900146484375,542.3900146484375,92810
2024-07-26 10:57:00-04:00,542.3900146484375,542.9349975585938,542.3400268554688,542.760009765625,542.760009765625,65044
2024-07-26 10:58:00-04:00,542.7899780273438,543.280029296875,542.780029296875,543.2000732421875,543.2000732421875,94184
2024-07-26 10:59:00-04:00,543.2103881835938,543.469970703125,543.0800170898438,543.4199829101562,543.4199829101562,82876
2024-07-26 11:00:00-04:00,543.4299926757812,543.5599975585938,543.280029296875,543.469970703125,543.469970703125,79937
2024-07-26 11:01:00-04:00,543.47998046875,543.830078125,543.3900146484375,543.72998046875,543.72998046875,89875
2024-07-26 11:02:00-04:00,543.739990234375,543.8551025390625,543.719970703125,543.739990234375,543.739990234375,75348
2024-07-26 11:03:00-04:00,543.780029296875,543.7999877929688,543.5,543.75,543.75,55030
2024-07-26 11:04:00-04:00,543.739990234375,543.77001953125,543.5499877929688,543.6300048828125,543.6300048828125,53516
2024-07-26 11:05:00-04:00,543.6099853515625,543.8800048828125,543.5900268554688,543.7899780273438,543.7899780273438,141105
2024-07-26 11:06:00-04:00,543.7899780273438,543.9000244140625,543.6699829101562,543.6898803710938,543.6898803710938,75931
2024-07-26 11:07:00-04:00,543.739990234375,543.8699951171875,543.4400024414062,543.7449951171875,543.7449951171875,111987
2024-07-26 11:08:00-04:00,543.719970703125,543.9299926757812,543.719970703125,543.8800048828125,543.8800048828125,71586
2024-07-26 11:09:00-04:00,543.8800048828125,544.030029296875,543.5900268554688,543.5999755859375,543.5999755859375,105761
2024-07-26 11:10:00-04:00,543.6199951171875,543.739990234375,543.4500122070312,543.5399780273438,543.5399780273438,90904
2024-07-26 11:11:00-04:00,543.573974609375,543.6400146484375,543.3099975585938,543.4299926757812,543.4299926757812,91902
2024-07-26 11:12:00-04:00,543.4246826171875,543.63623046875,543.030029296875,543.0399780273438,543.0399780273438,144464
2024-07-26 11:13:00-04:00,543.0499877929688,543.4500122070312,543.0499877929688,543.3900756835938,543.3900756835938,100824
2024-07-26 11:14:00-04:00,543.4099731445312,543.5800170898438,543.3900146484375,543.4299926757812,543.4299926757812,137698
2024-07-26 11:15:00-04:00,543.4199829101562,543.4500122070312,542.919921875,543.0499877929688,543.0499877929688,117427
2024-07-26 11:16:00-04:00,543.0599975585938,543.2100219726562,542.7802734375,542.9000244140625,542.9000244140625,74513
2024-07-26 11:17:00-04:00,542.9199829101562,543.219970703125,542.8800048828125,543.0800170898438,543.0800170898438,73387
2024-07-26 11:18:00-04:00,543.0900268554688,543.2000122070312,542.9401245117188,542.9600219726562,542.9600219726562,47553
2024-07-26 11:19:00-04:00,542.969970703125,543.0902099609375,542.8900146484375,542.969970703125,542.969970703125,72749
2024-07-26 11:20:00-04:00,542.9760131835938,543.206787109375,542.8400268554688,543.2000122070312,543.2000122070312,59067
2024-07-26 11:21:00-04:00,543.2100219726562,543.2100219726562,542.9600219726562,543.030029296875,543.030029296875,46321
2024-07-26 11:22:00-04:00,543.0401000976562,543.3800048828125,542.97998046875,543.3800048828125,543.3800048828125,55238
2024-07-26 11:23:00-04:00,543.3699951171875,543.52001953125,543.260009765625,543.3900146484375,543.3900146484375,52097
2024-07-26 11:24:00-04:00,543.4099731445312,543.5,543.3200073242188,543.4249877929688,543.4249877929688,39503
2024-07-26 11:25:00-04:00,543.4000244140625,543.5999755859375,543.3699951171875,543.4099731445312,543.4099731445312,60661
2024-07-26 11:26:00-04:00,543.4000244140625,543.4000244140625,543.0501098632812,543.219970703125,543.219970703125,75990
2024-07-26 11:27:00-04:00,543.1699829101562,543.3200073242188,542.8800048828125,543.2999877929688,543.2999877929688,74208
2024-07-26 11:28:00-04:00,543.3099975585938,543.3900146484375,543.0,543.27001953125,543.27001953125,160444
2024-07-26 11:29:00-04:00,543.2899780273438,543.2899780273438,543.1599731445312,543.2100219726562,543.2100219726562,26218
2024-07-26 11:30:00-04:00,543.2100219726562,543.5050048828125,543.2000122070312,543.3599853515625,543.3599853515625,172568
2024-07-26 11:31:00-04:00,543.3699951171875,543.7000122070312,543.3699951171875,543.5499877929688,543.5499877929688,50738
2024-07-26 11:32:00-04:00,543.5399780273438,543.6849975585938,543.3900146484375,543.5900268554688,543.5900268554688,28808
2024-07-26 11:33:00-04:00,543.5900268554688,543.6599731445312,543.469970703125,543.469970703125,543.469970703125,28210
2024-07-26 11:34:00-04:00,543.5,543.530029296875,543.1099853515625,543.1199951171875,543.1199951171875,41271
2024-07-26 11:35:00-04:00,543.1099853515625,543.1599731445312,542.8889770507812,542.989990234375,542.989990234375,64822
2024-07-26 11:36:00-04:00,543.0,543.1400146484375,542.9000244140625,543.1300048828125,543.1300048828125,50363
2024-07-26 11:37:00-04:00,543.1300048828125,543.5599975585938,543.1099853515625,543.5399780273438,543.5399780273438,61634
2024-07-26 11:38:00-04:00,543.510009765625,543.6798706054688,543.4400024414062,543.5850219726562,543.5850219726562,58297
2024-07-26 11:39:00-04:00,543.5700073242188,543.760009765625,543.5200805664062,543.74951171875,543.74951171875,43492
2024-07-26 11:40:00-04:00,543.7100219726562,543.905029296875,543.6400146484375,543.719970703125,543.719970703125,43767
2024-07-26 11:41:00-04:00,543.72998046875,543.7899780273438,543.6199951171875,543.6300048828125,543.6300048828125,38038
2024-07-26 11:42:00-04:00,543.6300048828125,543.840087890625,543.4400024414062,543.840087890625,543.840087890625,48804
2024-07-26 11:43:00-04:00,543.8300170898438,543.8800048828125,543.7089233398438,543.8800048828125,543.8800048828125,34021
2024-07-26 11:44:00-04:00,543.8599853515625,544.0349731445312,543.8400268554688,544.00537109375,544.00537109375,1112704
2024-07-26 11:45:00-04:00,544.0,544.1500244140625,543.9400024414062,544.1099853515625,544.1099853515625,182728
2024-07-26 11:46:00-04:00,544.0999145507812,544.1300048828125,543.9099731445312,544.02001953125,544.02001953125,68428
2024-07-26 11:47:00-04:00,544.02001953125,544.22998046875,543.9400024414062,544.2100219726562,544.2100219726562,203147
2024-07-26 11:48:00-04:00,544.219970703125,544.3499755859375,544.1900024414062,544.219970703125,544.219970703125,1255801
2024-07-26 11:49:00-04:00,544.1900024414062,544.489990234375,544.1099853515625,544.4650268554688,544.4650268554688,77543
2024-07-26 11:50:00-04:00,544.489990234375,544.5800170898438,544.4400024414062,544.530029296875,544.530029296875,83739
2024-07-26 11:51:00-04:00,544.5349731445312,544.5703125,544.3699951171875,544.4349975585938,544.4349975585938,64838
2024-07-26 11:52:00-04:00,544.3300170898438,544.3300170898438,544.3300170898438,544.3300170898438,544.3300170898438,79909
2024-07-26 11:53:00-04:00,544.3499755859375,544.5,544.3400268554688,544.469970703125,544.469970703125,71693
2024-07-26 11:54:00-04:00,544.469970703125,544.530029296875,544.3400268554688,544.3800048828125,544.3800048828125,79007
2024-07-26 11:55:00-04:00,544.4000244140625,544.5599975585938,544.3499755859375,544.5250244140625,544.5250244140625,57753
2024-07-26 11:56:00-04:00,544.510009765625,544.5499877929688,544.2899780273438,544.469970703125,544.469970703125,79650
2024-07-26 11:57:00-04:00,544.5,544.510009765625,544.5,544.510009765625,544.510009765625,59155
2024-07-26 11:58:00-04:00,544.5050048828125,544.8699951171875,544.4400024414062,544.8300170898438,544.8300170898438,144410
2024-07-26 11:59:00-04:00,544.8250122070312,544.9600219726562,544.75,544.8499755859375,544.8499755859375,104824
2024-07-26 12:00:00-04:00,544.8599853515625,545.0599975585938,544.7899780273438,544.8499755859375,544.8499755859375,114128
2024-07-26 12:01:00-04:00,544.8699951171875,545.02001953125,544.780029296875,545.0150146484375,545.0150146484375,93403
2024-07-26 12:02:00-04:00,545.25,545.2899780273438,544.969970703125,545.25,545.25,133359
2024-07-26 12:03:00-04:00,545.239990234375,545.4301147460938,545.22998046875,545.3900146484375,545.3900146484375,122443
2024-07-26 12:04:00-04:00,545.3800048828125,545.4199829101562,545.3049926757812,545.3900146484375,545.3900146484375,76978
2024-07-26 12:05:00-04:00,545.3900146484375,545.47998046875,545.2899780273438,545.4450073242188,545.4450073242188,130399
2024-07-26 12:06:00-04:00,545.4600219726562,545.8099975585938,545.4600219726562,545.7449951171875,545.7449951171875,199522
2024-07-26 12:07:00-04:00,545.75,545.760009765625,545.52001953125,545.6300048828125,545.6300048828125,155486
2024-07-26 12:08:00-04:00,545.6400146484375,545.8250122070312,545.6199951171875,545.7999877929688,545.7999877929688,137197
2024-07-26 12:09:00-04:00,545.8099975585938,545.9199829101562,545.7200927734375,545.9000244140625,545.9000244140625,171902
2024-07-26 12:10:00-04:00,545.9099731445312,546.02001953125,545.75,545.780029296875,545.780029296875,392671
2024-07-26 12:11:00-04:00,545.7999877929688,545.8300170898438,545.3150024414062,545.5599975585938,545.5599975585938,206285
2024-07-26 12:12:00-04:00,545.5700073242188,545.6199951171875,545.3499755859375,545.3900146484375,545.3900146484375,91068
2024-07-26 12:13:00-04:00,545.4000244140625,545.4199829101562,545.02001953125,545.0599975585938,545.0599975585938,144404
2024-07-26 12:14:00-04:00,545.0800170898438,545.280029296875,545.0650024414062,545.2349853515625,545.2349853515625,113523
2024-07-26 12:15:00-04:00,545.239990234375,545.489990234375,545.239990234375,545.3699951171875,545.3699951171875,110908
2024-07-26 12:16:00-04:00,545.3699951171875,545.4199829101562,545.1099853515625,545.219970703125,545.219970703125,81282
2024-07-26 12:17:00-04:00,545.219970703125,545.3599853515625,545.1500244140625,545.1500244140625,545.1500244140625,52874
2024-07-26 12:18:00-04:00,545.094970703125,545.3400268554688,545.0900268554688,545.3300170898438,545.3300170898438,49761
2024-07-26 12:19:00-04:00,545.3099975585938,545.469970703125,545.25,545.2612915039062,545.2612915039062,43921
2024-07-26 12:20:00-04:00,545.2100219726562,545.3900146484375,545.0900268554688,545.3800048828125,545.3800048828125,67521
2024-07-26 12:21:00-04:00,545.3800048828125,545.4949951171875,545.27001953125,545.27001953125,545.27001953125,49995
2024-07-26 12:22:00-04:00,545.2999877929688,545.3800048828125,545.1699829101562,545.1799926757812,545.1799926757812,64037
2024-07-26 12:23:00-04:00,545.1900024414062,545.22998046875,545.0900268554688,545.1799926757812,545.1799926757812,53618
2024-07-26 12:24:00-04:00,545.2000122070312,545.375,545.0999755859375,545.3599853515625,545.3599853515625,40740
2024-07-26 12:25:00-04:00,545.375,545.5900268554688,545.3400268554688,545.530029296875,545.530029296875,72057
2024-07-26 12:26:00-04:00,545.530029296875,545.7119750976562,545.52001953125,545.7000122070312,545.7000122070312,70052
2024-07-26 12:27:00-04:00,545.7100219726562,545.719970703125,545.5399780273438,545.5900268554688,545.5900268554688,52929
2024-07-26 12:28:00-04:00,545.594970703125,545.889892578125,545.5800170898438,545.889892578125,545.889892578125,61078
2024-07-26 12:29:00-04:00,545.8900146484375,545.8900146484375,545.5599975585938,545.5712280273438,545.5712280273438,111433
2024-07-26 12:30:00-04:00,545.5700073242188,545.9199829101562,545.5700073242188,545.8699951171875,545.8699951171875,60348
2024-07-26 12:31:00-04:00,545.8699951171875,545.9400024414062,545.780029296875,545.918701171875,545.918701171875,42360
2024-07-26 12:32:00-04:00,545.9099731445312,546.02001953125,545.8800048828125,546.0,546.0,56249
2024-07-26 12:33:00-04:00,545.9998779296875,546.02001953125,545.8200073242188,545.9000244140625,545.9000244140625,63108
2024-07-26 12:34:00-04:00,545.9000244140625,545.9199829101562,545.6900024414062,545.6900024414062,545.6900024414062,40919
2024-07-26 12:35:00-04:00,545.6799926757812,545.7100219726562,545.3400268554688,545.5700073242188,545.5700073242188,88281
2024-07-26 12:36:00-04:00,545.5800170898438,545.739990234375,545.3300170898438,545.3699951171875,545.3699951171875,81257
2024-07-26 12:37:00-04:00,545.3900146484375,545.5800170898438,545.2999877929688,545.5599975585938,545.5599975585938,60483
2024-07-26 12:38:00-04:00,545.5499877929688,545.6798706054688,545.4199829101562,545.6300048828125,545.6300048828125,52678
2024-07-26 12:39:00-04:00,545.7501831054688,545.780029296875,545.5499877929688,545.7501831054688,545.7501831054688,41958
2024-07-26 12:40:00-04:00,545.760009765625,545.9000244140625,545.72998046875,545.8800048828125,545.8800048828125,61403
2024-07-26 12:41:00-04:00,545.8800048828125,545.9600219726562,545.760009765625,545.8801879882812,545.8801879882812,36238
2024-07-26 12:42:00-04:00,545.8800048828125,546.1500244140625,545.8200073242188,546.1500244140625,546.1500244140625,83169
2024-07-26 12:43:00-04:00,546.1259765625,546.4000244140625,546.0900268554688,546.3900146484375,546.3900146484375,79529
2024-07-26 12:44:00-04:00,546.3900146484375,546.4400024414062,546.25,546.3400268554688,546.3400268554688,73961
2024-07-26 12:45:00-04:00,546.3499755859375,546.469970703125,546.2899780273438,546.3499755859375,546.3499755859375,66952
2024-07-26 12:46:00-04:00,546.3499755859375,546.3800048828125,546.1300048828125,546.2899780273438,546.2899780273438,69343
2024-07-26 12:47:00-04:00,546.2999877929688,546.5499877929688,546.27001953125,546.5499877929688,546.5499877929688,68140
2024-07-26 12:48:00-04:00,546.5499877929688,546.556884765625,546.0700073242188,546.0800170898438,546.0800170898438,70614
2024-07-26 12:49:00-04:00,546.0800170898438,546.260009765625,545.9500122070312,546.2000122070312,546.2000122070312,59713
2024-07-26 12:50:00-04:00,546.219970703125,546.344970703125,546.1199951171875,546.27001953125,546.27001953125,49270
2024-07-26 12:51:00-04:00,546.2899780273438,546.489990234375,546.2899780273438,546.4600219726562,546.4600219726562,55835
2024-07-26 12:52:00-04:00,546.4600219726562,546.5499877929688,546.4099731445312,546.47998046875,546.47998046875,37311
2024-07-26 12:53:00-04:00,546.5,546.6500244140625,546.4600219726562,546.58642578125,546.58642578125,74456
2024-07-26 12:54:00-04:00,546.6099853515625,546.75,546.510009765625,546.530029296875,546.530029296875,58820
2024-07-26 12:55:00-04:00,546.5399780273438,546.5900268554688,546.4400024414062,546.530029296875,546.530029296875,61339
2024-07-26 12:56:00-04:00,546.530029296875,546.6599731445312,546.4299926757812,546.5800170898438,546.5800170898438,61692
2024-07-26 12:57:00-04:00,546.5800170898438,546.6400146484375,546.4500122070312,546.6400146484375,546.6400146484375,57886
2024-07-26 12:58:00-04:00,546.6400146484375,546.875,546.6099853515625,546.8400268554688,546.8400268554688,129449
2024-07-26 12:59:00-04:00,546.8400268554688,546.8599243164062,546.6699829101562,546.7305297851562,546.7305297851562,63653
2024-07-26 13:00:00-04:00,546.72998046875,546.8900146484375,546.6599731445312,546.8599853515625,546.8599853515625,73477
2024-07-26 13:01:00-04:00,546.8599853515625,546.8599853515625,546.655029296875,546.6900024414062,546.6900024414062,57313
2024-07-26 13:02:00-04:00,546.6900024414062,546.6900024414062,546.3599853515625,546.469970703125,546.469970703125,166109
2024-07-26 13:03:00-04:00,546.469970703125,546.6400146484375,546.3400268554688,546.5599975585938,546.5599975585938,95082
2024-07-26 13:04:00-04:00,546.5599975585938,546.719970703125,546.466796875,546.7100219726562,546.7100219726562,224532
2024-07-26 13:05:00-04:00,546.7197875976562,546.7899780273438,546.6300048828125,546.760009765625,546.760009765625,91684
2024-07-26 13:06:00-04:00,546.75,546.780029296875,546.5103759765625,546.6500244140625,546.6500244140625,213557
2024-07-26 13:07:00-04:00,546.6199951171875,546.6799926757812,546.3599853515625,546.3800048828125,546.3800048828125,86869
2024-07-26 13:08:00-04:00,546.3900146484375,546.4400024414062,546.280029296875,546.4299926757812,546.4299926757812,93794
2024-07-26 13:09:00-04:00,546.4400024414062,546.489990234375,546.22998046875,546.27001953125,546.27001953125,204970
2024-07-26 13:10:00-04:00,546.5,546.52001953125,546.280029296875,546.5,546.5,61875
2024-07-26 13:11:00-04:00,546.47998046875,546.5499877929688,546.3699951171875,546.3699951171875,546.3699951171875,56877
2024-07-26 13:12:00-04:00,546.3800048828125,546.6099853515625,546.3800048828125,546.6099853515625,546.6099853515625,91241
2024-07-26 13:13:00-04:00,546.6199951171875,546.739990234375,546.5700073242188,546.6799926757812,546.6799926757812,51610
2024-07-26 13:14:00-04:00,546.6400146484375,546.6400146484375,546.3900146484375,546.4199829101562,546.4199829101562,79004
2024-07-26 13:15:00-04:00,546.4099731445312,546.6799926757812,546.4046020507812,546.5599975585938,546.5599975585938,94604
2024-07-26 13:16:00-04:00,546.5900268554688,546.739990234375,546.5800170898438,546.6514282226562,546.6514282226562,55838
2024-07-26 13:17:00-04:00,546.6599731445312,546.6699829101562,546.5,546.6600952148438,546.6600952148438,0
2024-07-26 13:18:00-04:00,546.6799926757812,546.760009765625,546.5800170898438,546.6500244140625,546.6500244140625,39643
2024-07-26 13:19:00-04:00,546.6300048828125,546.6799926757812,546.5599975585938,546.6199951171875,546.6199951171875,48599
2024-07-26 13:20:00-04:00,546.6600952148438,546.6900024414062,546.5,546.5700073242188,546.5700073242188,30888
2024-07-26 13:21:00-04:00,546.5800170898438,546.6699829101562,546.5599975585938,546.6199951171875,546.6199951171875,59788
2024-07-26 13:22:00-04:00,546.6500244140625,546.6799926757812,546.5599975585938,546.6199951171875,546.6199951171875,41948
2024-07-26 13:23:00-04:00,546.6500244140625,546.7100219726562,546.5599975585938,546.6500244140625,546.6500244140625,37842
2024-07-26 13:24:00-04:00,546.6680297851562,546.72998046875,546.6300048828125,546.6900024414062,546.6900024414062,79068
2024-07-26 13:25:00-04:00,546.72998046875,546.7750244140625,546.6699829101562,546.760009765625,546.760009765625,47201
2024-07-26 13:26:00-04:00,546.75,546.780029296875,546.6599731445312,546.780029296875,546.780029296875,35631
2024-07-26 13:27:00-04:00,546.7899780273438,546.9199829101562,546.75,546.8980102539062,546.8980102539062,80255
2024-07-26 13:28:00-04:00,546.9000244140625,547.1696166992188,546.8400268554688,547.1599731445312,547.1599731445312,111135
2024-07-26 13:29:00-04:00,547.1699829101562,547.1900024414062,547.030029296875,547.0499877929688,547.0499877929688,78267
2024-07-26 13:30:00-04:00,547.0499877929688,547.1300048828125,546.9301147460938,547.030029296875,547.030029296875,71290
2024-07-26 13:31:00-04:00,547.0499877929688,547.0800170898438,546.8800048828125,547.0700073242188,547.0700073242188,86246
2024-07-26 13:32:00-04:00,547.0599975585938,547.1199951171875,546.9199829101562,547.030029296875,547.030029296875,51929
2024-07-26 13:33:00-04:00,546.75,547.0750122070312,546.72998046875,546.75,546.75,72936
2024-07-26 13:34:00-04:00,546.780029296875,546.780029296875,545.8099975585938,545.9199829101562,545.9199829101562,264935
2024-07-26 13:35:00-04:00,545.9099731445312,545.9099731445312,544.969970703125,544.969970703125,544.969970703125,351236
2024-07-26 13:36:00-04:00,544.969970703125,545.3250122070312,544.7100219726562,544.9299926757812,544.9299926757812,395480
2024-07-26 13:37:00-04:00,544.9299926757812,544.97998046875,544.5800170898438,544.8200073242188,544.8200073242188,230728
2024-07-26 13:38:00-04:00,544.8099975585938,544.8300170898438,544.2999877929688,544.510009765625,544.510009765625,247988
2024-07-26 13:39:00-04:00,544.510009765625,544.6300048828125,544.1199951171875,544.3200073242188,544.3200073242188,215088
2024-07-26 13:40:00-04:00,544.3400268554688,544.64501953125,544.260009765625,544.5,544.5,176308
2024-07-26 13:41:00-04:00,544.47998046875,544.6799926757812,544.3400268554688,544.4099731445312,544.4099731445312,146241
2024-07-26 13:42:00-04:00,544.4199829101562,544.4500122070312,544.010009765625,544.3200073242188,544.3200073242188,153207
2024-07-26 13:43:00-04:00,544.4000244140625,544.489990234375,544.2000122070312,544.4600219726562,544.4600219726562,105687
2024-07-26 13:44:00-04:00,544.469970703125,544.6300048828125,544.3900146484375,544.5900268554688,544.5900268554688,155107
2024-07-26 13:45:00-04:00,544.5900268554688,545.0800170898438,544.489990234375,544.9500122070312,544.9500122070312,207731
2024-07-26 13:46:00-04:00,544.969970703125,545.219970703125,544.8800048828125,545.2100219726562,545.2100219726562,107038
2024-07-26 13:47:00-04:00,545.219970703125,545.4199829101562,544.8599853515625,544.8800048828125,544.8800048828125,151785
2024-07-26 13:48:00-04:00,544.8499755859375,545.1300048828125,544.6900024414062,544.72998046875,544.72998046875,136065
2024-07-26 13:49:00-04:00,544.75,544.780029296875,544.3499755859375,544.6002807617188,544.6002807617188,128230
2024-07-26 13:50:00-04:00,544.6099853515625,544.719970703125,544.4600219726562,544.6300048828125,544.6300048828125,89327
2024-07-26 13:51:00-04:00,544.6599731445312,544.8200073242188,544.22998046875,544.2899780273438,544.2899780273438,121663
2024-07-26 13:52:00-04:00,544.3300170898438,544.47998046875,544.260009765625,544.4500122070312,544.4500122070312,69598
2024-07-26 13:53:00-04:00,544.4500122070312,544.8800048828125,544.4500122070312,544.7000122070312,544.7000122070312,69863
2024-07-26 13:54:00-04:00,544.6900024414062,545.02001953125,544.6900024414062,544.969970703125,544.969970703125,69192
2024-07-26 13:55:00-04:00,544.9500122070312,544.97998046875,544.6599731445312,544.6599731445312,544.6599731445312,57375
2024-07-26 13:56:00-04:00,544.739990234375,544.9099731445312,544.6300048828125,544.8900146484375,544.8900146484375,46623
2024-07-26 13:57:00-04:00,544.9000244140625,544.989990234375,544.8099975585938,544.9199829101562,544.9199829101562,45847
2024-07-26 13:58:00-04:00,544.9099731445312,545.0700073242188,544.780029296875,544.8800048828125,544.8800048828125,64801
2024-07-26 13:59:00-04:00,544.8699951171875,544.989990234375,544.8400268554688,544.9600219726562,544.9600219726562,73776
2024-07-26 14:00:00-04:00,544.9400024414062,545.0349731445312,544.8200073242188,544.9000244140625,544.9000244140625,41595
2024-07-26 14:01:00-04:00,544.9500122070312,545.0999755859375,544.7899780273438,545.030029296875,545.030029296875,57151
2024-07-26 14:02:00-04:00,545.0399780273438,545.25,544.97998046875,545.1500244140625,545.1500244140625,91083
2024-07-26 14:03:00-04:00,545.1400146484375,545.3300170898438,545.0800170898438,545.2999877929688,545.2999877929688,205069
2024-07-26 14:04:00-04:00,545.2999877929688,545.3300170898438,544.9099731445312,544.9398803710938,544.9398803710938,82290
2024-07-26 14:05:00-04:00,544.9099731445312,544.969970703125,544.6699829101562,544.8499755859375,544.8499755859375,207282
2024-07-26 14:06:00-04:00,544.8400268554688,545.0,544.7100219726562,544.9400024414062,544.9400024414062,53551
2024-07-26 14:07:00-04:00,544.9299926757812,545.2000122070312,544.9299926757812,545.18798828125,545.18798828125,53566
2024-07-26 14:08:00-04:00,545.2000122070312,545.2550048828125,545.0900268554688,545.2000122070312,545.2000122070312,32392
2024-07-26 14:09:00-04:00,545.2000122070312,545.260009765625,545.1232299804688,545.2108764648438,545.2108764648438,29379
2024-07-26 14:10:00-04:00,545.219970703125,545.3400268554688,545.0800170898438,545.25,545.25,56560
2024-07-26 14:11:00-04:00,545.260009765625,545.4495239257812,545.2100219726562,545.3499755859375,545.3499755859375,66664
2024-07-26 14:12:00-04:00,545.3400268554688,545.4400024414062,545.3099975585938,545.3900146484375,545.3900146484375,41839
2024-07-26 14:13:00-04:00,545.3800048828125,545.4600219726562,545.27001953125,545.27001953125,545.27001953125,46435
2024-07-26 14:14:00-04:00,545.2999877929688,545.3699951171875,545.030029296875,545.0700073242188,545.0700073242188,59904
2024-07-26 14:15:00-04:00,545.0800170898438,545.3400268554688,545.0800170898438,545.280029296875,545.280029296875,70579
2024-07-26 14:16:00-04:00,545.27001953125,545.3300170898438,545.22998046875,545.27001953125,545.27001953125,47646
2024-07-26 14:17:00-04:00,545.260009765625,545.3200073242188,545.1599731445312,545.1599731445312,545.1599731445312,41096
2024-07-26 14:18:00-04:00,545.1699829101562,545.219970703125,544.8499145507812,544.9299926757812,544.9299926757812,94019
2024-07-26 14:19:00-04:00,544.9299926757812,545.0399780273438,544.510009765625,544.5399780273438,544.5399780273438,82936
2024-07-26 14:20:00-04:00,544.52001953125,544.6500244140625,544.4650268554688,544.5800170898438,544.5800170898438,147852
2024-07-26 14:21:00-04:00,544.5900268554688,544.7000122070312,544.3599853515625,544.489990234375,544.489990234375,104159
2024-07-26 14:22:00-04:00,544.52001953125,544.760009765625,544.47998046875,544.72998046875,544.72998046875,47191
2024-07-26 14:23:00-04:00,544.719970703125,544.77001953125,544.6099853515625,544.6900024414062,544.6900024414062,47141
2024-07-26 14:24:00-04:00,544.7000122070312,544.8699951171875,544.6400146484375,544.8499755859375,544.8499755859375,45845
2024-07-26 14:25:00-04:00,544.9299926757812,544.9299926757812,544.75,544.9299926757812,544.9299926757812,66338
2024-07-26 14:26:00-04:00,544.95751953125,545.0399780273438,544.8800048828125,544.8800048828125,544.8800048828125,48714
2024-07-26 14:27:00-04:00,544.8800048828125,545.030029296875,544.719970703125,545.0,545.0,45987
2024-07-26 14:28:00-04:00,544.989990234375,545.0,544.5999755859375,544.72998046875,544.72998046875,74086
2024-07-26 14:29:00-04:00,544.72998046875,544.780029296875,544.4400024414062,544.489990234375,544.489990234375,82624
2024-07-26 14:30:00-04:00,544.510009765625,544.5999755859375,544.3599853515625,544.530029296875,544.530029296875,82469
2024-07-26 14:31:00-04:00,544.5599975585938,544.72998046875,544.5399780273438,544.7100219726562,544.7100219726562,38345
2024-07-26 14:32:00-04:00,544.7000122070312,544.7000122070312,544.47998046875,544.4899291992188,544.4899291992188,56090
2024-07-26 14:33:00-04:00,544.4600219726562,544.5900268554688,544.3099975585938,544.3200073242188,544.3200073242188,53308
2024-07-26 14:34:00-04:00,544.3099975585938,544.7760009765625,544.27001953125,544.7453002929688,544.7453002929688,77066
2024-07-26 14:35:00-04:00,544.730712890625,544.9199829101562,544.7000122070312,544.7899780273438,544.7899780273438,43815
2024-07-26 14:36:00-04:00,544.780029296875,544.8800048828125,544.6600952148438,544.739990234375,544.739990234375,61164
2024-07-26 14:37:00-04:00,544.75,544.7999877929688,544.5999755859375,544.6699829101562,544.6699829101562,56162
2024-07-26 14:38:00-04:00,544.6799926757812,544.7100219726562,544.47998046875,544.5700073242188,544.5700073242188,67062
2024-07-26 14:39:00-04:00,544.5800170898438,544.7999877929688,544.5750122070312,544.77001953125,544.77001953125,37130
2024-07-26 14:40:00-04:00,544.7899780273438,544.8399047851562,544.5499877929688,544.5499877929688,544.5499877929688,81455
2024-07-26 14:41:00-04:00,544.5499877929688,544.5499877929688,543.6900024414062,543.8499755859375,543.8499755859375,134629
2024-07-26 14:42:00-04:00,543.8300170898438,543.969970703125,543.3800048828125,543.7000122070312,543.7000122070312,173537
2024-07-26 14:43:00-04:00,543.8099975585938,544.25,543.739990234375,544.25,544.25,57200
2024-07-26 14:44:00-04:00,544.25,544.4299926757812,544.1599731445312,544.3599853515625,544.3599853515625,80543
2024-07-26 14:45:00-04:00,544.3499755859375,544.4600219726562,544.1799926757812,544.280029296875,544.280029296875,63026
2024-07-26 14:46:00-04:00,544.3099975585938,544.3599853515625,543.9600219726562,544.0599975585938,544.0599975585938,61884
2024-07-26 14:47:00-04:00,544.0599975585938,544.1300048828125,543.844970703125,544.0800170898438,544.0800170898438,87484
2024-07-26 14:48:00-04:00,544.010009765625,544.239990234375,543.97998046875,544.02001953125,544.02001953125,59055
2024-07-26 14:49:00-04:00,544.0399780273438,544.2999877929688,543.9600219726562,544.2899780273438,544.2899780273438,37304
2024-07-26 14:50:00-04:00,544.2999877929688,544.3494873046875,544.0999755859375,544.2813110351562,544.2813110351562,58463
2024-07-26 14:51:00-04:00,544.260009765625,544.3599853515625,544.1799926757812,544.1900024414062,544.1900024414062,52789
2024-07-26 14:52:00-04:00,544.1699829101562,544.27001953125,543.9099731445312,543.9600219726562,543.9600219726562,67600
2024-07-26 14:53:00-04:00,543.9600219726562,543.9600219726562,543.6599731445312,543.6599731445312,543.6599731445312,85410
2024-07-26 14:54:00-04:00,543.6500244140625,543.7999877929688,543.5599975585938,543.6099853515625,543.6099853515625,58023
2024-07-26 14:55:00-04:00,543.6400146484375,543.7294921875,543.530029296875,543.7294921875,543.7294921875,56359
2024-07-26 14:56:00-04:00,543.719970703125,543.989990234375,543.6799926757812,543.8298950195312,543.8298950195312,71092
2024-07-26 14:57:00-04:00,543.8599853515625,543.9199829101562,543.7449951171875,543.7899780273438,543.7899780273438,44472
2024-07-26 14:58:00-04:00,543.780029296875,543.7999877929688,543.489990234375,543.6199951171875,543.6199951171875,67085
2024-07-26 14:59:00-04:00,543.6099853515625,543.7999877929688,543.5599975585938,543.5700073242188,543.5700073242188,37578
2024-07-26 15:00:00-04:00,543.5800170898438,543.6400146484375,543.281005859375,543.4489135742188,543.4489135742188,272357
2024-07-26 15:01:00-04:00,543.4299926757812,543.5800170898438,543.2999877929688,543.5700073242188,543.5700073242188,83480
2024-07-26 15:02:00-04:00,543.5499877929688,543.5499877929688,543.260009765625,543.3300170898438,543.3300170898438,92942
2024-07-26 15:03:00-04:00,543.3300170898438,543.510009765625,543.2999877929688,543.385009765625,543.385009765625,60084
2024-07-26 15:04:00-04:00,543.3900146484375,543.530029296875,543.2999877929688,543.343994140625,543.343994140625,57657
2024-07-26 15:05:00-04:00,543.3400268554688,543.3599853515625,543.0999755859375,543.22998046875,543.22998046875,141964
2024-07-26 15:06:00-04:00,543.219970703125,543.3400268554688,543.030029296875,543.3300170898438,543.3300170898438,83724
2024-07-26 15:07:00-04:00,543.334716796875,543.52001953125,543.219970703125,543.52001953125,543.52001953125,90843
2024-07-26 15:08:00-04:00,543.52001953125,543.8200073242188,543.4600219726562,543.760009765625,543.760009765625,93493
2024-07-26 15:09:00-04:00,543.739990234375,543.8300170898438,543.719970703125,543.7999877929688,543.7999877929688,59393
2024-07-26 15:10:00-04:00,543.7899780273438,543.7999877929688,543.5599975585938,543.7899780273438,543.7899780273438,67145
2024-07-26 15:11:00-04:00,543.781982421875,544.1099853515625,543.780029296875,543.8400268554688,543.8400268554688,52574
2024-07-26 15:12:00-04:00,544.0800170898438,544.1199951171875,543.7999877929688,544.0800170898438,544.0800170898438,79341
2024-07-26 15:13:00-04:00,544.0700073242188,544.280029296875,544.030029296875,544.2100219726562,544.2100219726562,58317
2024-07-26 15:14:00-04:00,544.1900024414062,544.260009765625,543.9199829101562,543.9199829101562,543.9199829101562,60351
2024-07-26 15:15:00-04:00,543.9299926757812,543.9600219726562,543.5599975585938,543.9299926757812,543.9299926757812,138217
2024-07-26 15:16:00-04:00,543.9000244140625,544.0700073242188,543.6300048828125,543.7100219726562,543.7100219726562,101351
2024-07-26 15:17:00-04:00,543.6799926757812,543.8499755859375,543.6199951171875,543.6799926757812,543.6799926757812,54920
2024-07-26 15:18:00-04:00,543.6199951171875,543.8800048828125,543.4100952148438,543.8499755859375,543.8499755859375,85790
2024-07-26 15:19:00-04:00,543.8499755859375,543.8599853515625,543.6400146484375,543.8200073242188,543.8200073242188,43393
2024-07-26 15:20:00-04:00,543.8099975585938,544.0800170898438,543.7000122070312,544.0599975585938,544.0599975585938,56004
2024-07-26 15:21:00-04:00,544.0499877929688,544.1799926757812,543.9600219726562,544.125,544.125,80792
2024-07-26 15:22:00-04:00,544.0900268554688,544.1799926757812,544.0,544.0900268554688,544.0900268554688,79985
2024-07-26 15:23:00-04:00,544.0999755859375,544.2402954101562,543.97998046875,544.2100219726562,544.2100219726562,53126
2024-07-26 15:24:00-04:00,544.2000122070312,544.489990234375,544.1900024414062,544.4500122070312,544.4500122070312,121586
2024-07-26 15:25:00-04:00,544.469970703125,544.5700073242188,544.3800048828125,544.5399780273438,544.5399780273438,112074
2024-07-26 15:26:00-04:00,544.5599975585938,544.969970703125,544.5599975585938,544.9500122070312,544.9500122070312,114981
2024-07-26 15:27:00-04:00,544.9400024414062,545.0700073242188,544.719970703125,544.9000244140625,544.9000244140625,118570
2024-07-26 15:28:00-04:00,544.7899780273438,544.9865112304688,544.739990234375,544.7899780273438,544.7899780273438,45206
2024-07-26 15:29:00-04:00,544.7899780273438,544.7999877929688,544.6749877929688,544.760009765625,544.760009765625,149415
2024-07-26 15:30:00-04:00,544.75,544.760009765625,544.010009765625,544.1500244140625,544.1500244140625,37666008
2024-07-26 15:31:00-04:00,543.7899780273438,544.219970703125,543.72998046875,543.7899780273438,543.7899780273438,102592
2024-07-26 15:32:00-04:00,543.7899780273438,543.8499755859375,543.4500122070312,543.6400146484375,543.6400146484375,100258
2024-07-26 15:33:00-04:00,543.610107421875,543.6300048828125,543.3099975585938,543.47998046875,543.47998046875,117574
2024-07-26 15:34:00-04:00,543.451416015625,543.469970703125,542.9299926757812,543.1903076171875,543.1903076171875,163966
2024-07-26 15:35:00-04:00,543.1799926757812,543.5499877929688,543.010009765625,543.530029296875,543.530029296875,261674
2024-07-26 15:36:00-04:00,543.530029296875,543.530029296875,543.260009765625,543.4000244140625,543.4000244140625,84531
2024-07-26 15:37:00-04:00,543.4299926757812,543.530029296875,543.239990234375,543.5,543.5,199992
2024-07-26 15:38:00-04:00,543.510009765625,543.5531005859375,543.1848754882812,543.3699951171875,543.3699951171875,91477
2024-07-26 15:39:00-04:00,543.4000244140625,543.5599975585938,543.3400268554688,543.47998046875,543.47998046875,77433
2024-07-26 15:40:00-04:00,543.5,544.030029296875,543.5,544.02099609375,544.02099609375,125642
2024-07-26 15:41:00-04:00,544.02001953125,544.22998046875,543.8800048828125,544.0700073242188,544.0700073242188,105750
2024-07-26 15:42:00-04:00,544.0499877929688,544.0499877929688,543.4500122070312,543.5599975585938,543.5599975585938,141270
2024-07-26 15:43:00-04:00,543.5800170898438,543.8099975585938,543.4400024414062,543.796875,543.796875,131110
2024-07-26 15:44:00-04:00,543.7999877929688,544.469970703125,543.7999877929688,544.469970703125,544.469970703125,125335
2024-07-26 15:45:00-04:00,544.4500122070312,544.4500122070312,544.0675048828125,544.3300170898438,544.3300170898438,97611
2024-07-26 15:46:00-04:00,544.3400268554688,544.3400268554688,544.1099853515625,544.239990234375,544.239990234375,138389
2024-07-26 15:47:00-04:00,544.239990234375,544.5499877929688,544.2050170898438,544.4609985351562,544.4609985351562,162005
2024-07-26 15:48:00-04:00,544.4600219726562,544.489990234375,544.1400146484375,544.4550170898438,544.4550170898438,159106
2024-07-26 15:49:00-04:00,544.4500122070312,544.719970703125,544.3300170898438,544.47998046875,544.47998046875,249499
2024-07-26 15:50:00-04:00,544.510009765625,544.8400268554688,543.969970703125,543.969970703125,543.969970703125,350731
2024-07-26 15:51:00-04:00,543.9500122070312,544.0499877929688,543.530029296875,543.5599975585938,543.5599975585938,338078
2024-07-26 15:52:00-04:00,543.530029296875,544.030029296875,543.4284057617188,543.6500244140625,543.6500244140625,294000
2024-07-26 15:53:00-04:00,543.6599731445312,543.8150024414062,543.260009765625,543.3599853515625,543.3599853515625,293177
2024-07-26 15:54:00-04:00,543.1099853515625,543.4119873046875,543.0601806640625,543.1099853515625,543.1099853515625,346311
2024-07-26 15:55:00-04:00,543.1099853515625,543.239990234375,542.7249755859375,543.1500244140625,543.1500244140625,447658
2024-07-26 15:56:00-04:00,543.1500244140625,543.5499877929688,543.094970703125,543.4500122070312,543.4500122070312,346527
2024-07-26 15:57:00-04:00,543.4400024414062,543.780029296875,543.3900146484375,543.6799926757812,543.6799926757812,361928
2024-07-26 15:58:00-04:00,543.6900024414062,543.8900146484375,543.4199829101562,543.8599853515625,543.8599853515625,645521
2024-07-26 15:59:00-04:00,543.864990234375,544.5499877929688,543.8499755859375,544.3800048828125,544.3800048828125,2521165
